utpal1,utpal,individual,add1,add2,add3,EC,Karnatka,India,213456
Ram1,Ram,Corporate,Add1,Add2,Add3,banglore,Karnataka,India,841213
Mohan1,Mohan,Individual,Add1,add2,Add3,patna,Bihar,India,534231
Rahul1,Rahul,Corporate,Add1,Add2,Add3,Patna,Bihar,India,567438
Xyz1,Xyz,individual,add1,add2,add3,Avadi,Tamilnadu,India,680972
Amit1,Amit,Individual,Avadi,Chennai,VelNagar,Chennai,TamilNadu,India,fghjk
Priyanshi1,Priyanshi,Corporate,add1,Add2,add3,City,State,Country,324354
